college_code,college_name,avg_percentile,avg_rank,percentile_std,rank_std,data_points,stability_score,cluster
1002,"Government College of Engineering, Amravati",83.43847733975156,50800.301242236026,16.05423585749888,38366.124872488755,322,0.05863645890415502,4
1005,"Sant Gadge Baba Amravati University,Amravati",49.1383022,130458.625,28.62896614997274,49192.67853171852,8,0.03375075576172002,3
1012,"Government College of Engineering,Yavatmal",65.9100119485294,94939.04411764706,23.997056381249394,46516.38725381926,68,0.04000471034461932,0
1101,"Shri Sant Gajanan Maharaj College of Engineering,Shegaon",75.51547523409091,72015.11363636363,19.35959782621974,48147.59953359307,44,0.04911688376831138,0
1105,"Prof. Ram Meghe Institute of Technology & Research, Amravati",70.41837487027708,85673.72544080604,20.094504033174328,42852.052382135626,397,0.04740571280686891,5
1107,"P. R. Pote Patil College of Engineering & Management, Amravati",68.25783299899328,92199.12751677852,18.489513524128412,39937.69069906592,298,0.05130964396632988,5
1114,"Sipna Shikshan Prasarak Mandal College of Engineering & Technology, Amravati",67.67886400431372,94126.7843137255,17.861125716173266,37396.470514389606,255,0.053019104747417486,5
1116,"Shri Shivaji Education Society's College of Engineering and Technology, Akola",49.33969451666667,133277.02380952382,20.748351997723223,38148.12998868444,42,0.04598049544649118,6
1117,"Janata Shikshan Prasarak Mandal’s Babasaheb Naik College Of Engineering, Pusad",42.189233115625,146159.125,21.389598140240693,37559.88840698494,32,0.0446635975213287,7
1119,ANURADHA COLLEGE OF ENGINEERING & TECHNOLOGY,44.47266214193548,140384.96774193548,24.340973149056673,42955.921646484596,31,0.03946178365439866,7
1120,"Jawaharlal Darda Institute of Engineering and Technology, Yavatmal",50.667319093902435,130827.96341463414,20.58802378039761,38421.454232233744,82,0.04632197973155938,6
1121,"Shri Hanuman Vyayam Prasarak Mandals College of Engineering & Technology, Amravati",58.59653778888888,114212.77777777778,20.726092367457834,39523.403470501675,36,0.04602760510665222,6
1123,"Dr.Rajendra Gode Institute of Technology & Research, Amravati",53.452896341818175,125564.5090909091,20.6282719844243,35849.784706659055,55,0.04623577883245387,6
1125,"Dwarka Bahu Uddeshiya Gramin Vikas Foundation, Rajarshi Shahu College of Engineering, Buldhana",45.0741511,142464.10344827586,18.56025198743349,32183.003831153794,29,0.051124085755257724,6
1126,"Takshashila Institute of Engineering & Technology, Darapur, Amravati",33.19285546764706,163173.9705882353,16.669407687893557,24745.640572891723,34,0.0565949927503888,1
1127,"Jagadambha Bahuuddeshiya Gramin Vikas Sanstha's Jagdambha College of Engineering and Technology, Yavatmal",43.836136186833855,145165.63636363635,17.37382024171155,30233.97840875084,319,0.05442526305606484,6
1128,"Prof Ram Meghe College of Engineering and Management, Badnera",67.3285614981132,94613.39622641509,18.547161970039916,39428.55638773444,53,0.0511583216802883,0
1130,"Vision Buldhana Educational & Welfare Society's Pankaj Laddhad Institute of Technology & Management Studies, Yelgaon",40.00054149166667,151473.66666666666,18.823637179407022,34417.771919152285,12,0.050444829621821834,6
1180,"Sanmati Engineering College, Sawargaon Barde, Washim",38.36092808571429,154520.0,17.61705915823771,30473.80359696942,7,0.053714176417467,1
1182,"Padmashri Dr. V.B. Kolte College of Engineering, Malkapur, Buldhana",37.155534427586204,152095.7931034483,25.898854812123666,43785.42405329762,29,0.03717630386068655,7
1265,"Mauli Group of Institutions, College of Engineering and Technology, Shegaon.",57.10866835121951,116099.0487804878,22.89928552104738,44458.494959878706,41,0.04184225503809853,3
1268,"Siddhivinayak Technical Campus, School of Engineering & Research Technology, Shirasgon, Nile",37.20021371538461,151365.23076923078,27.98026492975593,43381.009019219935,13,0.03450624079606791,7
1276,"Manav School of Engineering & Technology, Gut No. 1035 Nagpur Surat Highway, NH No. 6 Tal.Vyala, Balapur, Akola, 444302",21.7606761,180538.7142857143,10.965758064664548,14562.088422959645,7,0.08357180502863813,1
2008,"Government College of Engineering, Chhatrapati Sambhajinagar",85.78191338222997,43694.843205574914,15.499667678864393,39057.62978809825,287,0.060607281277608505,4
2015,"PURANMAL LAHOTI GOVERNMENT INSTITUTE OF ENGINEERING AND TECHNOLOGY, LATUR",64.61500911,94492.0,28.274410912467477,58091.47656566278,20,0.03415952597611851,3
2020,"Shri Guru Gobind Singhji Institute of Engineering and Technology, Nanded",80.33468770361175,58813.73363431151,18.39302179891689,44178.87721510942,443,0.0515649397174323,5
2021,"University Department of Chemical Technology, Aurangabad",40.866732991666666,31298.833333333332,44.19009701282182,38866.337025604545,12,0.022128742049751945,3
2032,"Institute of Chemical Technology, Mumbai Marathwada off campus, Jalna",82.92872503617022,52186.29787234042,16.409846347280666,41386.9971320099,47,0.057438760805387304,0
2111,"Everest Education Society, Group of Institutions (Integrated Campus), Ohar",35.86938618333333,155118.66666666666,27.14904746243491,39241.268525197636,6,0.03552518078398591,7
2112,"Shree Yash Pratishthan, Shreeyash College of Engineering and Technology, Aurangabad",49.269459943283586,133966.61194029852,20.126518066160067,35291.61149362304,67,0.047333876641119356,6
2113,"G. S. Mandal's Maharashtra Institute of Technology, Aurangabad",61.839146671031095,106599.22913256956,20.002178625409467,39935.951762297176,611,0.04761410793783798,5
2114,"Deogiri Institute of Engineering and Management Studies, Aurangabad",65.19418330792452,99927.60754716981,17.99669500807967,40169.860969104884,265,0.05264073564241992,5
2116,"Matoshri Pratishan's Group of Institutions (Integrated Campus), Kupsarwadi , Nanded",39.7258724875,149178.75,23.846397834199013,40090.54970639427,24,0.04024728279217934,7
2127,"Mahatma Gandhi Missions College of Engineering, Hingoli Rd, Nanded.",67.61690400441177,95752.86764705883,14.683460295211423,33235.943400609074,68,0.06376143919625483,6
2129,"M.S. Bidve Engineering College, Latur",55.68984194680851,118211.68085106384,24.272116417953466,46233.29243611022,47,0.039569301734048434,3
2130,"Terna Public Charitable Trust's College of Engineering, Osmanabad",39.737856547999996,149350.16,23.803638564722924,38620.1259272934,25,0.04031666553238097,7
2131,"Shree Tuljabhavani College of Engineering, Tuljapur",27.822950608333333,168059.0,22.575387892756176,38554.60820706132,12,0.042417117569771234,7
2133,"Mahatma Basaweshwar Education Society's College of Engineering, Ambejogai",42.19180613928571,144714.5,23.74365434069917,43602.14816955697,28,0.04041440226374192,7
2134,"Peoples Education Society's College of Engineering, Aurangabad",46.669828394476745,138661.96220930232,20.03342222125855,36435.34937922677,344,0.04754338069576222,5
2135,"Hi-Tech Institute of Technology, Aurangabad",45.402293842105266,141725.34210526315,19.41005794442492,31574.94299519908,38,0.04899545129773399,6
2136,"Aditya Engineering College , Beed",25.779813985714288,173652.10714285713,16.924221497011615,24334.210633103416,28,0.05579042862010622,1
2137,"Nagnathappa Halge Engineering College, Parli, Beed",45.17582165,136736.0,38.88692016764261,70905.83959026224,2,0.025070875259284326,3
2138,"Matsyodari Shikshan Sansatha's College of Engineering and Technology, Jalna",50.83253952857143,128333.0,23.437669711873614,51946.72217392916,14,0.040920431931123394,3
2146,"Adarsh Shikshan Prasarak Mandal's K. T. Patil College of Engineering and Technology, Osmanabad",52.8806012,132404.0,0.0,0.0,1,1.0,2
2189,"Vishweshwarayya Institute Of Engineering And Technology, Almala, Tq. Ausa, Dist. Latur",41.96012690714286,144089.5,26.228005381792183,46015.03737450317,14,0.036726891521356775,7
2250,"Aurangabad College of Engineering, Naygaon Savangi, Aurangabad",47.76296123947368,136760.47368421053,20.105922230300706,36437.242988189566,38,0.047380066556122834,6
2252,"Marathwada Shikshan Prasarak Mandal's Shri Shivaji Institute of Engineering and Management Studies, Parbhani",48.07474265833333,133565.08333333334,24.95401659745861,46323.86357426342,12,0.03852968176409038,7
2254,"Vilasrao Deshmukh Foundation Group of Institutions, Latur",34.0622741,158468.0,23.690215846962403,38918.81079754027,20,0.04050187354368667,7
2282,"Mitthulalji Sarada Institute Of Technology, Nalwandi Road, Beed",25.74992868,175726.0,9.788609190457857,12716.55757270811,5,0.09269035353365702,1
2508,GRAMIN TECHNICAL AND MANAGEMENT CAMPUS NANDED.,29.45445214689655,167926.80689655172,17.945103038601676,27023.2688502213,145,0.05278408874116154,1
2516,International Centre Of Excellence In Engineering and Management (ICEEM),48.03652624814814,139718.66666666666,11.65350348055677,21148.032107030653,27,0.07902949578641115,1
2522,"STMEI's Sandipani Technical Campus-Faculty of Engineering, Latur.",35.78015487142857,157554.92857142858,20.163584883565925,33119.05778449874,14,0.047250974043463026,7
2533,"CSMSS Chh. Shahu College of Engineering, Aurangabad",62.16911645517241,105286.81609195402,21.785826374039413,42456.1793526172,87,0.04388693144521326,0
2634,"Eaglewood Polytechnic Institute, A.P Phulepimpalgaon",28.587698,170056.14285714287,16.055532927859442,24225.723941219807,7,0.05863199961148943,1
2637,"Jijau Institute of Engineering Technology and Management, Khandgaon (Bendri), Taluka Naigaon, District Nanded",48.8987267,136169.5,23.7171369957144,44732.28208464218,2,0.04045776014323122,7
2641,Dr. V.K. Patil College of Engineering & Technology,34.73066852222222,158720.66666666666,22.564471426158473,34792.1161400108,9,0.042436767704872806,7
2666,Mangaldeep College of Engineering,36.75805196,159280.0,12.892385923088863,20152.211826496863,5,0.07198187593810076,1
2770,"Shetkari Shikshan Prasarak Mandal's Mahesh Institute of Engineering and Technology , Ashti",26.240199533333335,175123.0,11.067619327089407,14049.974804247871,3,0.08286638589561728,1
2771,Amolak College of Engineering Kada,17.943872999999996,184879.75,14.119355361637673,17946.585996134938,4,0.0661403860205111,1
2772,JSPM College of Engineering,53.020682275,122119.38888888889,26.213715192631803,52056.728651554615,36,0.03674617717285265,3
2777,CDS College of Engineering,35.820928396666666,156832.3,21.53647932882821,34671.205824440105,30,0.04437250314962995,7
2779,NKSPT INSTITUTE OF ENGINEERING AND TECHNOLOGY PATHIKAR CAMPUS,25.016345255555557,172089.11111111112,23.570290417283058,35548.68404542018,9,0.04069955963143957,7
3012,"Veermata Jijabai Technological Institute(VJTI), Matunga, Mumbai",93.71439374398149,18793.891203703704,13.549972160948832,33625.98413322368,432,0.0687286538378358,4
3014,"Sardar Patel College of Engineering, Andheri",92.48359213269231,23898.115384615383,11.368706635000171,29428.979425041303,156,0.08084919705106954,4
3025,Svkm's Shri Bhagubhai Mafatlal Polytechnic & College of Engineering,90.08188692,33589.3,3.7495294923747515,12256.478078958897,10,0.2105471713788649,4
3033,"Dr. Babasaheb Ambedkar Technological University, Lonere",52.79863275042735,125773.78846153847,21.561973591235187,41498.708379375385,468,0.04432236373100256,5
3035,"Usha Mittal Institute of Technology SNDT Women's University, Mumbai",76.47692102877359,70488.25,17.600920987620555,40878.69797314804,212,0.053760778870332745,0
3036,"Institute of Chemical Technology, Matunga, Mumbai",92.79614351761006,18740.251572327044,14.557938020710953,26968.07446930316,159,0.06427586989154896,4
3042,"Loknete Shamrao Peje Government College of Engineering, Ratnagiri",65.0218978225,99742.7,21.05245076727207,45113.86773953783,40,0.045346433852336034,0
3135,"Manjara Charitable Trust's Rajiv Gandhi Institute of Technology, Mumbai",80.77690093030303,54647.166666666664,23.134182655560753,48717.545289172405,66,0.04143500586996635,0
3139,"Vidyalankar Institute of Technology,Wadala, Mumbai",88.60335797863502,36306.640949554894,11.97588090199117,32066.220078235267,337,0.07706605875571411,4
3143,"Thakur Shyamnarayan Engineering College, Mumbai",81.67551733666666,56702.03333333333,14.96088600552792,37989.7642933964,30,0.06265316346809684,0
3146,"Jawahar Education Society's Annasaheb Chudaman Patil College of Engineering,Kharghar, Navi Mumbai",61.631060448387096,103941.32258064517,24.989231687738215,51615.7323884162,62,0.038477474517717374,3
3147,"Saraswati Education Society, Yadavrao Tasgaonkar Institute of Engineering & Technology, Karjat",58.98504194545455,114047.0,19.52930303908364,37482.55975517147,11,0.0487108596963181,6
3148,"Mahavir Education Trust's Shah & Anchor Kutchhi Engineering College, Mumbai",81.81966148050847,54331.13559322034,18.676330612352128,42074.534113933274,118,0.05082248411562236,0
3154,"Saraswati Education Society's Saraswati College of Engineering,Kharghar Navi Mumbai",66.27476463958334,94708.36904761905,22.270014976514936,46738.702373183914,336,0.04297375833274029,5
3175,"M.G.M.'s College of Engineering and Technology, Kamothe, Navi Mumbai",63.816637529906544,101368.22429906542,21.470949663836134,44819.333396638416,107,0.0445019020094803,0
3176,"Thakur College of Engineering and Technology, Kandivali, Mumbai",91.3022386525974,28735.863636363636,8.185812665943745,23614.787316444144,154,0.10886353079107351,4
3182,"Thadomal Shahani Engineering College, Bandra, Mumbai",84.90127393030303,39964.30303030303,25.892838894489945,58938.49692183627,33,0.03718462018544607,0
3183,"Anjuman-I-Islam's M.H. Saboo Siddik College of Engineering, Byculla, Mumbai",67.78121232727273,90847.22727272728,22.835253944937115,49342.16566746347,22,0.04195466103739212,0
3184,"Fr. Conceicao Rodrigues College of Engineering, Bandra,Mumbai",91.49102557307691,25359.21153846154,15.695228019225596,38903.94401818484,52,0.05989735503153582,4
3185,"Vivekanand Education Society's Institute of Technology, Chembur, Mumbai",84.09624452727273,42296.704545454544,25.91535614684491,60261.76587078847,88,0.03715351171815063,0
3187,"N.Y.S.S.'s Datta Meghe College of Engineering, Airoli, Navi Mumbai",70.71145616493507,82800.8051948052,23.141297162205504,51373.97722968081,77,0.041422794859820276,0
3188,"Vasantdada Patil Pratishthan's College Of Engineering and Visual Arts, Sion, Mumbai",73.54517097777777,76390.37037037036,21.32407610692586,48436.053873938836,54,0.044794686920537695,0
3189,"Bharati Vidyapeeth College of Engineering, Navi Mumbai",76.01486471194029,69642.35820895522,21.22355455402255,48142.4374789561,67,0.04499730218985136,0
3190,"Terna Engineering College, Nerul, Navi Mumbai",73.67067208333333,77760.51388888889,18.882128557094703,42285.69218714864,72,0.05029642561299916,0
3192,"Smt. Indira Gandhi College of Engineering, Navi Mumbai",73.05968994852941,80417.87132352941,16.560906131604735,39273.3618565402,272,0.056944669740035724,5
3193,"Shivajirao S. Jondhale College of Engineering, Dombivali,Mumbai",57.07957413793103,112992.44827586207,26.814058823913154,54564.066496305975,29,0.03595304109805971,3
3194,"Vidyavardhini's College of Engineering and Technology, Vasai",67.47602866101694,88132.25423728813,26.72716683495363,58809.594987023134,59,0.03606571150786933,3
3196,"Lokmanya Tilak College of Engineering, Kopar Khairane, Navi Mumbai",79.61333612659574,60481.63829787234,19.56455035264394,41696.26782087751,94,0.04862737005438254,0
3197,"Agnel Charities' FR. C. Rodrigues Institute of Technology, Vashi, Navi Mumbai",84.33047471666667,42913.045454545456,24.364102485085997,53485.263557913226,66,0.039425798747974486,0
3198,"Konkan Gyanpeeth College of Engineering, Karjat",60.12589929999999,110288.5,21.911451561543885,40863.834004718854,24,0.04364629614644176,6
3199,"Shri Vile Parle Kelvani Mandal's Dwarkadas J. Sanghvi College of Engineering, Vile Parle,Mumbai",97.84920561848739,7375.588235294118,1.8130441707217404,6292.639723116617,119,0.3554867749351518,4
3200,"Hope Foundation and research center's Finolex Academy of Management and Technology, Ratnagiri",54.00929612121212,121210.66666666667,25.012388741731023,49051.457564777484,33,0.038443220648772064,3
3201,"Rizvi Education Society's Rizvi College of Engineering, Bandra,Mumbai",70.12732706538462,80796.03846153847,28.44547797760911,56124.34962935839,26,0.03396107207906147,3
3202,Rajendra Mane College of Engineering & Technology Ambav Deorukh,34.793819675,157901.5,23.051909164311525,37855.851248047315,8,0.041576741088138254,7
3203,"Atharva College of Engineering,Malad(West),Mumbai",76.23870880833333,69810.41666666667,20.073938562465738,44628.77579042763,60,0.04745197472394054,0
3204,"St. Francis Institute of Technology,Borivali, Mumbai",81.96329321634616,52109.74038461538,21.386021260515736,48454.41621361099,104,0.04467073395323675,0
3206,"S.S.P.M.'s College of Engineering, Kankavli",58.00394320357143,114265.67857142857,22.34563529169511,44712.90384719397,28,0.042834559330057566,3
3207,"Mahatma Education Society's Pillai College of Engineering, New Panvel",78.37458486136364,61933.28409090909,22.919054512305365,47651.86396275869,88,0.04180767260200612,0
3208,"Don Bosco Institute of Technology, Mumbai",83.80957268983052,46180.08474576271,21.888296311877028,48256.17465700298,59,0.0436904515029844,0
3209,K J Somaiya Institute of Technology,86.97198315882352,36911.58823529412,21.68127179522541,46679.45118445966,17,0.04408923842667888,0
3210,"Excelsior Education Society's K.C. College of Engineering and Management Studies and Research, Kopri, Thane (E)",73.09387745833334,78337.41666666667,21.020186724783713,46086.397467559545,12,0.04541287558086419,0
3211,"S.I.E.S. Graduate School of Technology, Nerul, Navi Mumbai",83.43696156947368,45432.87368421053,24.493083461213978,53688.95713872126,95,0.03922632589821601,0
3212,"Watumull Institute of Engineering & Technology, Ulhasnagar",56.55148748333334,112275.16666666667,31.326248944296818,65427.112619820444,6,0.030934612974216597,3
3214,"Xavier Institute Of Engineering C/O Xavier Technical Institute,Mahim,Mumbai",77.7538830641791,56355.77611940299,31.505632668973814,64601.02855683208,67,0.03076389898894312,3
3215,"Bhartiya Vidya Bhavan's Sardar Patel Institute of Technology , Andheri, Mumbai",95.2179649372222,15156.06111111111,9.493763483189449,26390.085264969013,180,0.09529469590218574,4
3216,"Gharda Foundation's Gharda Institute of Technology,Khed, Ratnagiri",54.15891684210527,123650.21052631579,20.89472891558904,39257.154121650165,19,0.04567309345803319,6
3217,"Vighnaharata Trust's Shivajirao S. Jondhale College of Engineering & Technology, Shahapur, Asangaon, Dist Thane",68.57629524285714,91560.28571428571,19.072740114255755,41663.93104638706,7,0.049818808708124274,0
3218,"Aldel Education Trust's St. John College of Engineering & Management, Vevoor, Palghar",64.5798630517647,98149.41176470589,23.07698640583603,47003.15823945443,85,0.04153343708154479,0
3219,"Koti Vidya Charitable Trust's Smt. Alamuri Ratnamala Institute of Engineering and Technology, Sapgaon, Tal. Shahapur",46.00686430909091,137141.18181818182,26.2732156617404,44482.234585996644,11,0.03666601006652937,7
3220,Yadavrao Tasgaonkar College of Engineering & Management,63.859668766666665,106184.66666666667,14.356961901274977,31657.92049919472,3,0.06511704635517636,6
3221,"Vishnu Waman Thakur Charitable Trust's VIVA Institute of Technology, Virar",64.34405567105263,101560.73684210527,19.769282084683706,38784.47533916479,38,0.04814802918669246,0
3222,"Haji Jamaluddin Thim Trust's Theem College of Engineering, At. Villege Betegaon, Boisar",45.91710327222222,132706.61111111112,31.591913043896096,56693.67940405069,18,0.030682457904608416,3
3223,"Mahatma Education Society's Pillai HOC College of Engineering & Technology, Tal. Khalapur. Dist. Raigad",69.86701539873418,88149.59493670886,18.694196217221183,39749.09436011347,79,0.050776380461040126,0
3224,"Leela Education Society, G.V. Acharya Institute of Engineering and Technology, Shelu, Karjat",61.48132969285714,108889.35714285714,18.965573061744223,38790.34419227218,14,0.05008621575285946,6
3257,"Vidya Prasarak Mandal's College of Engineering, Thane",65.00590530714285,98166.96428571429,21.76046984208427,47499.4327642405,28,0.04393582412569502,0
3277,Pravin Rohidas Patil College of Engineering & Technology,72.49392705,82583.0,16.659921097794225,34025.2861266441,18,0.05662539455654209,0
3351,"Bharat College of Engineering, Kanhor, Badlapur(W)",56.02700474545454,121175.30303030302,18.27774910705994,33788.89030665706,33,0.051873275995369075,6
3353,"Dilkap Research Institute Of Engineering and Management Studies, At.Mamdapur, Post- Neral, Tal- Karjat, Mumbai",56.34509512666667,122492.46666666666,13.899866145521216,27560.262793860777,15,0.06711469688609198,6
3423,"Shree L.R. Tiwari College of Engineering, Mira Road, Mumbai",70.16358180555555,87666.65555555555,18.08426253602039,39011.01319496846,90,0.052399195311454164,0
3436,"B.R. Harne College of Engineering & Technology, Karav, Tal-Ambernath.",53.3045119,125708.5,20.738389007228825,38188.88405675138,14,0.04600156891421267,6
3439,"Anjuman-I-Islam's Kalsekar Technical Campus, Panvel",58.23877926436782,115189.9540229885,20.080856850005,39752.892955106894,87,0.04743640199804131,6
3440,"Metropolitan Institute of Technology & Management, Sukhalwad, Sindhudurg.",32.54459972,163726.2,20.0157708443446,28067.814008219448,5,0.04758331290375212,1
3445,"Vishwatmak Jangli Maharaj Ashram Trust (Kokamthan), Atma Malik Institute Of Technology & Research",52.46403408,129979.5,15.725397711357951,28582.528292841962,10,0.05978931067934582,6
3447,"G.M.Vedak Institute of Technology, Tala, Raigad.",42.38771905,149783.16666666666,12.119585197312762,20449.545466016276,6,0.07622192203186626,1
3462,"VPM's Maharshi Parshuram College of Engineering, Velneshwar, Ratnagiri.",65.9699355,101784.33333333333,11.71885659393729,28486.302960077734,3,0.07862341969298334,6
3465,"Ideal Institute of Technology, Wada, Dist.Thane",56.02702115217391,122878.39130434782,14.812601505900878,29197.75545815922,23,0.06324070075545914,6
3467,"Vishwaniketan's Institute of Management Entrepreneurship and Engineering Technology(i MEET), Khalapur Dist Raigad",54.05277797272727,121650.45454545454,25.070680199831102,48389.6570795116,11,0.03835726541597785,3
3470,YASHWANTRAO BHONSALE INSTITUTE OF TECHNOLOGY,44.734490445,139737.2,24.874675130931564,45490.714538475346,20,0.03864782823126395,7
3471,"New Horizon Institute of Technology & Management, Thane",66.25353690238096,92606.21428571429,25.764588814696328,50321.54433219783,42,0.037362800785899014,3
3475,"A. P. Shah Institute of Technology, Thane",55.93288438260869,104646.91304347826,38.70866696938959,77538.37407310773,23,0.025183419044786236,3
3477,"Chhartrapati Shivaji Maharaj Institute of Technology, Shedung, Panvel",55.613379521739134,116397.21739130435,27.50364014316753,51202.89227089753,23,0.035083238315429865,3
3503,"Indala College Of Engineering, Bapsai Tal.Kalyan",64.14683039090909,105329.18181818182,12.66132910008999,27507.143388471646,22,0.07319931996905138,6
3546,Devi Mahalaxmi College of Engineering and Technology,47.5947494,140762.0,13.195334669055201,26485.488190076216,4,0.07044567974715858,6
3723,Navjeevan Education Society's College of Engineering,55.56445950952381,121508.52380952382,19.220910393738635,38895.53324434446,21,0.04945375754741725,6
3724,Thakur Shree DPS College of Engineering & Management,75.263553085,76122.15,13.318536687372946,34126.22732132637,20,0.0698395389021748,0
3725,"MAEER's Maharashtra Institute of Technology, Thane",61.19544042222222,102085.05555555556,29.579959896919508,59191.381844351214,18,0.032701154722597776,3
3726,Imperial College of Engineering,41.95735062758621,148319.7931034483,17.821480737587805,31412.041778113544,29,0.05313078253205288,6
4004,"Government College of Engineering, Chandrapur",66.3394933245283,92829.88679245283,24.48126986918281,52890.59874934165,53,0.039244511954618304,3
4025,"Government College of Engineering, Nagpur",76.86251392127659,68509.74468085106,19.0525943955157,46655.98871922208,47,0.04986885887561895,0
4104,"Kavi Kulguru Institute of Technology & Science, Ramtek",50.968764658360655,130770.1344262295,19.169759079032556,36646.74877944265,305,0.049579174251989384,5
4116,"Ankush Shikshan Sanstha's G.H.Raisoni College of Engineering, Nagpur",76.0740109116129,69802.57419354838,20.678309497743644,46087.10394966104,155,0.04612905817698025,0
4118,"Bapurao Deshmukh College of Engineering, Sevagram",32.169065857894736,164238.36842105264,18.298916117966517,26800.312730784248,19,0.051816381494556585,1
4123,"Lokmanya Tilak Jankalyan Shikshan Sanstha, Priyadarshani College of Engineering, Nagpur",67.8153374120603,90040.08542713568,22.946535666899013,48222.03726835737,199,0.041759693924423774,0
4133,"Sanmarg Shikshan Sanstha's Smt. Radhikatai Pandav College of Engineering, Nagpur",34.27522284339623,161098.81132075473,17.182780016894515,26924.48179992486,53,0.05499709060280391,1
4134,"Guru Nanak Institute of Engineering & Technology,Kalmeshwar, Nagpur",45.23409992553192,140798.085106383,21.641570208629137,37460.27978715228,47,0.04416654811417985,7
4135,"Amar Seva Mandal's Shree Govindrao Vanjari College of Engineering & Technology, Nagpur",33.08682669555556,165732.55555555556,16.958596875980284,25228.73970706961,45,0.055683637586269624,1
4137,"Sir Shantilal Badjate Charitable Trust's S. B. Jain Institute of technology, Management & Research, Nagpur",64.30720894117647,97715.36274509804,25.549414379750335,48553.23660261883,102,0.03766561422773664,3
4138,"Jaidev Education Society, J D College of Engineering and Management, Nagpur",52.11428196643836,127709.25342465754,21.32704216421329,36816.38715194011,146,0.044788736127476914,6
4139,"Samridhi Sarwajanik Charitable Trust, Jhulelal Institute of Technology, Nagpur",57.765774549,118247.53,16.377605678734103,32345.727374148293,100,0.05754532692750377,6
4142,"G H Raisoni College of Engineering & Management, Nagpur",70.1564515037037,85267.84444444445,21.560345530771343,46786.29001758901,135,0.04432556224088159,0
4143,"Sanmarg Shikshan Sanstha, Mandukarrao Pandav College of Engineering, Bhandara",30.293380066666664,166968.88888888888,17.76548982011523,26952.98424778064,9,0.05328930976947232,1
4144,"Shri. Sai Shikshan Sanstha, Nagpur Institute of Technology, Nagpur",46.67674933243243,139362.5945945946,18.91484858236319,34308.03799521449,37,0.05021378876491238,6
4145,"Wainganga College of Engineering and Management, Dongargaon, Nagpur",45.8243434986523,142282.99460916442,15.851799398467113,27604.19827441005,371,0.05934084404606446,5
4147,"K.D.K. College of Engineering, Nagpur",58.78057637853403,114192.34293193718,19.77739557481229,38522.59624089875,382,0.0481292275732703,5
4151,"Tulsiramji Gaikwad Patil College of Engineering & Technology, Nagpur",52.93475394615384,125095.5676923077,21.12821045211221,41657.41986702598,650,0.04519118263829359,5
4163,Rajiv Gandhi College of Engineering Research & Technology Chandrapur,40.91062559512195,148496.48780487804,21.40393441700225,35760.72666286435,41,0.044635017287012954,7
4167,"Yeshwantrao Chavan College of Engineering,Wanadongri, Nagpur",77.86916297424483,65583.00317965024,19.048444656351183,44662.35893248366,629,0.049879181010842565,5
4172,"Anjuman College of Engineering & Technology, Nagpur",46.740238995,134484.75,27.133082725969665,48633.31148381301,20,0.03554534032905322,3
4174,"ST. Vincent Pallotti College of Engineering & Technology, Nagpur",79.24140679333333,64246.183333333334,14.714709123597794,32353.460720942487,120,0.06363464904981045,4
4175,"JMSS Shri Shankarprasad Agnihotri College of Engineering, Wardha",41.55473114285714,148608.2380952381,19.006269769918283,31539.99635527049,21,0.049984330487416226,6
4177,"Priyadarshini Bhagwati College of Engineering, Harpur Nagar, Umred Road,Nagpur",58.71602717076923,110554.21538461538,24.872859584505925,45768.82688132594,130,0.0386505402208751,3
4181,"Swaminarayan Siddhanta Institute Of Technology, Nagpur",22.993736592,178572.32,12.901284238278414,16694.71352883901,25,0.07193579980520157,1
4188,"Krushi Jivan Vikas Pratishthan, Ballarpur Institute of Technology, Mouza Bamni",38.94262284827586,144184.72413793104,24.518394768311563,42277.03396213443,29,0.039187417903017475,7
4190,"M.D. Yergude Memorial Shikshan Prasarak Mandal's Shri Sai College of Engineering & Technology, Bhadrawati",29.9664731,167935.25,18.352069160973024,24873.69356535803,4,0.051674060881132154,1
4192,"Maitraya Education Society, Nagarjuna Institute of Engineering Technology & Management, Nagpur",38.31216173666667,156016.86666666667,13.410708325029239,22297.97084123983,30,0.06939284159010768,1
4193,"K.D.M. Education Society, Vidharbha Institute of Technology,Umred Road ,Nagpur",29.695236827500004,166445.2125,21.167727261128228,32746.88925131387,80,0.04511062357545015,7
4196,"Gurunanak Educational Society's Gurunanak Institute of Technology, Nagpur",46.65040379444444,139033.80555555556,19.64678436294678,35647.49131531414,36,0.04843369226031267,6
4197,"Jai Mahakali Shikshan Sanstha, Agnihotri College of Engineering, Sindhi(Meghe)",18.26279165,185271.5,11.182604562691658,13925.510607035805,4,0.08208425340033013,1
4302,"Gondia Education Society's Manoharbhai Patel Institute Of Engineering & Technology, Shahapur, Bhandara",65.24663836666667,103477.33333333333,11.269582345364869,27302.654712194806,3,0.08150236673522747,6
4304,"Cummins College of Engineering For Women, Sukhali (Gupchup), Tal. Hingna Hingna Nagpur",70.84626233636364,85603.13636363637,18.372879569756314,42388.66047636467,22,0.051618552440760294,0
4613,"Suryodaya College of Engineering & Technology, Nagpur",47.8186386492248,136914.8023255814,19.628795159060473,33809.84719662052,258,0.04847592854014962,6
4648,"R.V. Parankar College of Engineering & Technology, Arvi, Dist Wardha",27.40390032727273,171183.18181818182,17.595882410906516,25767.368588267535,11,0.053775345418053316,1
4649,"Bajaj Institute of Technology, Wardha",46.362981554545456,132808.27272727274,31.764554319886077,52772.42124839623,11,0.030520787502153247,3
4679,"Karanjekar College of Engineering & Management, Sakoli",34.38366651818182,158116.72727272726,23.880082180730792,37478.587441607,11,0.04019279328484225,7
4703,"Somayya Institute of Technology, Chandrapur",29.147998673684214,166344.7894736842,21.702314383189385,39610.67525803696,19,0.04404837247520809,7
5003,"University Institute of Chemical Technology, North Maharashtra University, Jalgaon",51.639320831818175,93238.77272727272,30.035502651282577,47877.156113509045,22,0.032221163331429846,3
5004,"Government College of Engineering, Jalgaon",69.2760392257703,89078.7030812325,19.34465915193296,42104.036076934135,357,0.049152949308811075,5
5103,"Shri Shivaji Vidya Prasarak Sanstha's Late Bapusaheb Shivaji Rao Deore College of Engineering,Dhule",46.542865221568626,136902.01960784313,23.70970799772838,43330.27802010515,51,0.04046992380856675,7
5104,"Shramsadhana Bombay Trust, College of Engineering & Technology, Jalgaon",49.83186141904761,130366.04761904762,24.189459590751657,43984.566016458695,42,0.039699144652041336,7
5106,"Khandesh College Education Society's College Of Engineering And Management, Jalgaon",35.21095872513089,158524.14659685863,19.682657801851164,32128.888880970742,191,0.048349685498857736,7
5108,"Maratha Vidya Prasarak Samaj's Karmaveer Adv. Baburao Ganpatrao Thakare College Of Engineering, Nashik",68.31012465521327,91090.72748815166,19.852888502091215,44158.32046891927,422,0.047954987142415105,5
5109,"Sandip Foundation, Sandip Institute of Technology and Research Centre, Mahiravani, Nashik",62.35406731627908,107060.07513416816,17.655315717656176,36891.61146010536,559,0.05360402445794889,5
5121,"K. K. Wagh Institute of Engineering Education and Research, Nashik",81.38461903773987,57128.345415778254,15.743294725798807,39012.99173078651,469,0.05972540150411114,5
5124,"Jagadamba Education Soc. Nashik's S.N.D. College of Engineering & Reserch, Babulgaon",48.85907131463415,135455.24390243902,18.268714234029126,33312.12152338882,41,0.05189759876317902,6
5125,"Pravara Rural Education Society's Sir Visvesvaraya Institute of Technology, Chincholi Dist. Nashik",58.934940665384616,115131.73076923077,17.43883867640849,36747.18968907167,26,0.054233350459291486,6
5130,"Brahma Valley College of Engineering & Research, Trimbakeshwar, Nashik",44.636005403703706,143469.33333333334,18.15517724689346,32181.478734490458,27,0.05220520734999608,6
5139,"Pravara Rural College of Engineering, Loni, Pravaranagar, Ahmednagar.",65.1667725826087,97316.07246376811,22.955376843268034,46080.834950283395,69,0.04174428173443746,0
5151,"MET Bhujbal Knowledge City MET League's Engineering College, Adgaon, Nashik.",64.91315993283582,96574.5671641791,24.58427570332305,50990.50664799189,67,0.03908650811913012,3
5152,"G H Raisoni College of Engineering and Management, Jalgaon",56.81691175275591,118886.33858267717,18.928728257048846,37771.57731622922,127,0.050178816585865045,6
5160,"Sanjivani Rural Education Society's Sanjivani College of Engineering, Kopargaon",74.54697457728707,74499.16088328075,19.998517893924152,45028.33099623296,317,0.04762240864100921,5
5161,"Dr. Vithalrao Vikhe Patil College of Engineering, Ahmednagar",56.86534546111111,116866.88888888889,22.292688239460485,43671.752025406,54,0.04293192738079434,6
5162,"Amrutvahini Sheti & Shikshan Vikas Sanstha's Amrutvahini College of Engineering, Sangamner",71.2451664,83169.39770114943,20.483007651889725,44449.250901822576,435,0.04654841706543061,5
5164,"P.S.G.V.P. Mandal's D.N. Patel College of Engineering, Shahada, Dist. Nandurbar",38.60527131111111,150676.0,26.013696759062977,39370.29236937415,9,0.03701825814212208,7
5168,"T.M.E. Society's J.T.Mahajan College of Engineering, Faizpur",41.84912078,148502.8,18.955930576086548,32639.792366067526,5,0.0501104168601545,6
5169,"Nagaon Education Society's Gangamai College of Engineering, Nagaon, Tal Dist Dhule",32.03789705714286,163202.0,20.17366180939251,31529.084307984587,21,0.04722848645652808,7
5170,"Hindi Seva Mandal's Shri Sant Gadgebaba College of Engineering & Technology, Bhusawal",26.773615423076926,170842.0,20.828167520633666,31528.992313020564,52,0.04581236601994752,7
5171,"Godavari Foundation's Godavari College Of Engineering, Jalgaon",40.81612257419355,150128.87096774194,18.122249034147732,30698.28145541911,31,0.0522951038977811,6
5172,"R. C. Patel Institute of Technology, Shirpur",75.09446955982142,74677.02678571429,16.070196245194452,35657.52557983733,112,0.05858163465938576,0
5173,"SNJB's Late Sau. Kantabai Bhavarlalji Jain College of Engineering, (Jain Gurukul), Neminagar,Chandwad,(Nashik)",64.19391106515151,100207.01515151515,22.705401304458523,42048.05941282406,66,0.042184478851742514,0
5177,"Matoshri College of Engineering and Research Centre, Eklahare, Nashik",52.15419307142857,129150.5387755102,18.253534294229173,32514.721152790014,490,0.051938516052075084,5
5179,"Vishwabharati Academy's College of Engineering, Ahmednagar",42.529561112903224,147091.4193548387,18.43037368349139,31295.3443393467,31,0.05146581410575902,6
5181,"Gokhale Education Society's, R.H. Sapat College of Engineering, Management Studies and Research, Nashik",54.56190209230769,122758.78846153847,20.562644617412058,40806.48935913403,52,0.0463765005519077,6
5182,"Kalyani Charitable Trust, Late Gambhirrao Natuba Sapkal College of Engineering, Anjaneri, Trimbakeshwar Road, Nashik",52.079711822916664,130310.08333333333,16.27509257506061,29781.049361956524,48,0.057886809905937156,6
5184,"Amruta Vaishnavi Education & Welfare Trust's Shatabdi Institute of Engineering & Research, Agaskhind Tal. Sinnar",80.21870265000001,64182.0,9.540956372500352,28866.927235159616,2,0.09486805225841159,4
5223,"SMT. SHARCHCHANDRIKA SURESH PATIL INSTITUTE OF TECHNOLOGY (ENGINEERING & POLYTECHNIC), CHOPDA",34.1014404,159141.0,22.810479593348234,39950.05910195878,9,0.04199831406501207,7
5244,"MET's Institute of Technology Polytechnic, Bhujbal Knowledge City, Adgaon Nashik",40.04557323846154,145000.61538461538,29.856859716863866,53164.05313357648,13,0.03240770477539815,3
5249,"Trimurti Shikshan Prasarak Mandal, Trimurti Institute Of Technology, Paladhi Bk, Jalgaon",15.156525516666667,188741.66666666666,10.560316115840868,11719.338371540718,6,0.08650282483449741,1
5256,Matoshri Aasarabai Institute of Technology and Research Centre,38.787216425,154049.375,17.104872814564235,30755.12735761849,16,0.05523374896042146,1
5263,"Matoshri Education Soceity, Matoshri Institute Of Technology, Dhanore, Nashik",56.55761865833333,123023.5,11.258454516461205,22471.98880424654,12,0.0815763519501708,6
5303,"Hon. Shri. Babanrao Pachpute Vichardhara Trust, Group of Institutions (Integrated Campus)-Parikrama, Kashti Shrigondha,",51.101693624,128229.56,23.518354285650442,45778.773269824516,25,0.04078577168555141,7
5330,"PUNE VIDYARTHI GRIHA’S COLLEGE OF ENGINEERING & SHRIKRUSHNA S. DHAMANKAR INSTITUTE OF MANAGEMENT, NASHIK",67.74494438450704,92279.1690140845,20.555261932061587,44669.12254278626,71,0.046392384520857366,0
5331,"Sandip Foundation's, Sandip Institute of Engineering & Management, Nashik",55.978877218032785,118785.37704918033,22.353337108989795,42690.50978658837,61,0.04282043270017513,6
5365,"Vardhaman Education & Welfare Society, Ahinsa Institute of Technology, Post. Dondaicha, Dhule",37.032895728571425,153284.14285714287,26.146346746529257,42043.81620178553,7,0.03683736929087348,7
5370,"Kedareshwar Gramin Vikas Pratishthan, Samajbhushan Eknathrao Dhakane College, of Engineering, Shevgaon",15.578731350000002,187500.0,15.625188223283578,17920.91426239186,2,0.06014969494297212,1
5380,"Adsul's Technical Campus, Chas Dist. Ahmednagar",35.678968388095235,158512.19047619047,18.59353079724516,30798.36842545642,42,0.05103725358885289,1
5381,"Shri. Jaykumar Rawal Institute of Technology, Dondaicha.",31.60886572,166038.8,15.39153951458174,21411.717705868195,20,0.06100708228842145,1
5382,"Ahmednagar Jilha Maratha Vidya Prasarak Samajache, Shri. Chhatrapati Shivaji Maharaj College of Engineering, Nepti",48.06503246041667,133033.70833333334,25.50502667791258,44562.91293095463,48,0.037728692453395246,7
5390,"K.V.N. Naik S. P. Sansth's Loknete Gopinathji Munde Institute of Engineering Education & Research, Nashik.",56.184564422448986,121107.40816326531,17.98136694136149,32470.27631152219,49,0.05268324473623354,6
5395,Ashok Institute of Engineering & Technology,32.724811200000005,162104.5,23.40841174489656,40047.430558443244,4,0.04096948258868524,7
5396,"College of Engineering and Technology ,North Maharashtra Knowledge City, Jalgaon",48.52142971666666,130412.66666666667,28.929907038486498,55511.00084727951,6,0.033411396791647646,3
5399,"Sanghavi College of Engineering, Varvandi, Nashik.",55.15086963414634,124115.12195121951,15.915847224887349,30030.045894233266,41,0.059116164074168,6
5401,"Jawahar Education Society's Institute of Technology, Management & Research, Nashik.",55.10104956666666,125750.73333333334,12.114722265047623,22648.239624948576,45,0.0762501850813208,6
5411,"Maulana Mukhtar Ahmad Nadvi Technical Campus, Malegaon.",43.5058699125,141950.25,25.905340886428217,43481.91677254219,8,0.037167341763895925,7
5414,"Nikam Institute of Technology(Polytechnic),Dhule",26.194154325,172480.33333333334,18.59360541745372,27018.998461800686,12,0.0510370592187803,1
5418,"Guru Gobind Singh College of Engineering & Research Centre, Nashik.",58.29123395357143,112603.82142857143,24.087429940094232,46196.130252773,56,0.039860599606571095,3
5433,"R.C. Patel College of Engineering and Polytechnic, Shirpur",65.51608576875,102789.5,10.71365470381059,24602.325732878726,16,0.08537045228716604,6
5497,"P.G. College of Engineering & Technology, Nandurbar",26.741496683333335,167856.33333333334,27.66942041435075,45426.898048036106,6,0.03488037028817787,7
5509,"Shri Swami Samarth Institute of Management and Technology, Malwadi-Bota",8.9230769,196066.0,0.0,0.0,1,1.0,2
5513,"MKD Institute of Technology, Nadurbar",28.367899180000002,171760.2,12.840591782548502,19773.84812574427,5,0.072251245879594,1
5545,"Shri Vile Parle Kelavani Mandal's College of Engineering, Shirpur",60.836541723529415,113147.94117647059,12.326975270113985,25956.381201138644,17,0.07503578116802846,6
5597,VAMANRAO ITHAPE COLLEGE OF ENGINEERING AND MANAGEMENT,26.56935099230769,170651.84615384616,21.264329839355263,34989.2187438887,13,0.044914893339046864,7
6004,"Government College of Engineering & Research, Avasari Khurd",78.19846981046511,64442.25581395349,19.613540065310538,45331.3436818762,86,0.04851180325318543,0
6005,"Government College of Engineering, Karad",86.85822456478262,39314.178260869565,17.412575611056372,42514.11040744758,230,0.054310707047389974,4
6007,"Walchand College of Engineering, Sangli",93.19025188582997,21139.953441295547,12.142742149749612,32741.256744740374,494,0.0760876222485314,4
6028,"Department of Technology, Shivaji University, Kolhapur",61.08231496842106,99148.43859649122,25.287675269293253,50423.548854045766,57,0.03804064032881996,3
6036,"Government College of Engineering, Kolhapur",76.04564644923077,69936.64615384616,20.68216059223897,45854.171324506686,65,0.04612086492699189,0
6122,"TSSMS's Pd. Vasantdada Patil Institute of Technology, Bavdhan, Pune",69.83880726444444,86858.14444444445,20.536529287749175,45097.16592818426,90,0.04643273698556616,0
6138,"Genba Sopanrao Moze Trust Parvatibai Genba Moze College of Engineering,Wagholi, Pune",57.83181191333333,112543.75,25.644205164863656,48669.32533638773,60,0.03753161311483683,3
6139,"Progressive Education Society's Modern College of Engineering, Pune",84.77003345126705,46704.52826510721,15.837016020192975,38379.0799952897,513,0.059392946992547824,5
6141,"Jaywant Shikshan Prasarak Mandal's,Rajarshi Shahu College of Engineering, Tathawade, Pune",86.54247457394366,41795.19014084507,14.629271568773733,37064.26726042209,426,0.06398250843615354,4
6144,"Genba Sopanrao Moze College of Engineering, Baner-Balewadi, Pune",61.315135761194036,106467.80597014926,22.459627820187702,46656.760075736216,67,0.04262642219496213,0
6145,"JSPM'S Jaywantrao Sawant College of Engineering,Pune",77.20300617179487,65731.03846153847,22.347371934628427,47401.34134560053,78,0.042831373175531456,0
6146,"MIT Academy of Engineering,Alandi, Pune",85.94852411166667,43115.61,15.672690851151247,38458.119344429935,600,0.059978320771835715,5
6149,"Siddhant College of Engineering, A/p Sudumbare, Tal.Maval, Dist-Pune",57.61094024444445,117478.0,18.468806340628987,36484.361554476134,54,0.051364217328163764,6
6155,"G.H.Raisoni College of Engineering & Management, Wagholi, Pune",75.30157029698796,67097.80722891567,27.293883745651144,56549.90805103751,166,0.035343327518750516,3
6156,"Marathwada Mitra Mandal's College of Engineering, Karvenagar, Pune",86.08810777645569,43102.81012658228,14.791651676338157,35986.88682671905,395,0.06332459836980679,4
6175,"Pimpri Chinchwad Education Trust, Pimpri Chinchwad College of Engineering, Pune",91.08619897954544,27642.371212121212,13.515671090629066,34850.4680777251,396,0.0688910622014282,4
6177,"Sinhgad College of Engineering, Vadgaon (BK), Pune",71.22209379913043,73953.8,28.520554477912196,57829.55027783669,115,0.03387470248054513,3
6178,"Sinhgad Technical Education Society's Smt. Kashibai Navale College of Engineering,Vadgaon,Pune",78.16708094683544,66803.15189873418,15.43999308020051,37325.748756839195,79,0.060827276211225974,0
6179,"Indira College of Engineering & Management, Pune",81.3467593421875,57400.83984375,15.59416629768555,35976.2800515395,256,0.060262141650314405,4
6182,"Sinhgad Technical Education Society, Sinhgad Institute of Technology and Science, Narhe (Ambegaon)",69.61984044871795,89090.66666666667,17.975195862334395,39767.444627473036,78,0.052700378286212664,0
6184,"K. J.'s Educational Institut Trinity College of Engineering and Research, Pisoli, Haveli",68.68794312442996,92576.88273615635,15.58881842045557,35403.646076024415,307,0.060281568864899146,5
6185,Sinhgad Institute of Technology,66.0465615597561,96518.68292682926,20.47343237229976,44394.85455528201,82,0.04656917360309744,0
6187,"Sinhgad Academy of Engineering, Kondhwa (BK) Kondhwa-Saswad Road, Pune",66.5959914605263,95545.55263157895,19.94173522789559,42828.95306227467,76,0.047751534871281476,0
6203,"Marathwada Mitra Mandal's Institute of Technology, Lohgaon, Pune",72.93960820123456,78459.17283950618,21.090703579406537,45146.22530976154,81,0.04526791083884821,0
6206,"Pune District Education Association's College of Engineering, Manjari(Bk), Hadapsar, Pune",64.51744263157894,99112.81578947368,22.1588545658308,46186.94805929788,76,0.043180028492230654,0
6207,"Dr. D. Y. Patil Unitech Society's Dr. D. Y. Patil Institute of Technology, Pimpri, Pune",83.36831449473684,50726.21929824561,16.457089018819357,41441.65088917802,114,0.057283319052905374,0
6214,"K. E. Society's Rajarambapu Institute of Technology, Walwa, Sangli",82.00072133979592,55884.53571428572,14.527786213625344,35865.34172345076,392,0.06440068057625102,4
6217,"Shri. Balasaheb Mane Shikshan Prasarak Mandal's, Ashokrao Mane Group of Institutions",46.5400124305638,140530.29080118693,17.097683433277496,29120.11980866727,337,0.05525569080080321,5
6219,"KSGBS's Bharat- Ratna Indira Gandhi College of Engineering, Kegaon, Solapur",25.6485232,170203.22222222222,25.40360093491103,40521.19740881857,9,0.037873621952746336,7
6220,"SVERI's College of Engineering, Pandharpur",64.38062761313869,101272.24817518248,19.489519575655724,40524.27456440339,274,0.04880543910791023,5
6222,"Dattajirao Kadam Technical Education Society's Textile & Engineering Institute, Ichalkaranji.",74.11270090451467,77477.37020316027,16.631304981490004,38229.78530337669,443,0.056717299204445557,5
6223,"Pradnya Niketan Education Society's Nagesh Karajagi Orchid College of Engineering & Technology, Solapur",63.45214106727273,103570.92727272728,19.02247265925484,41104.63011199987,275,0.04994388140856206,5
6250,"D.Y. Patil College of Engineering and Technology, Kolhapur",74.87734962853403,75589.77486910994,16.545927102642118,38182.09819893435,382,0.05699328363500479,5
6265,"Walchand Institute of Technology, Solapur",77.77423457083333,64258.572916666664,21.739279566860127,47895.72148296312,96,0.04397676703255737,0
6267,"Kolhapur Institute of Technology's College of Engineering(Autonomous), Kolhapur",83.49143365615213,50474.968680089485,15.838274181492576,38655.814240376065,447,0.059388509132315255,5
6268,"Tatyasaheb Kore Institute of Engineering and Technology, Warananagar",59.412473426713944,111839.98108747046,21.063245418470274,42273.53123476336,423,0.045324247681297544,5
6269,"Shetkari Shikshan Mandal's Pad. Vasantraodada Patil Institute of Technology, Budhgaon, Sangli",42.8759463258312,144742.44757033247,21.60776302390304,37619.997631124774,391,0.04423259386356388,5
6270,"Rayat Shikshan Sanstha's Karmaveer Bhaurao Patil College of Engineering, Satara",53.537122071794876,124107.84615384616,22.230769456351204,42096.21919611412,39,0.04304635719789315,7
6271,Pune Institute of Computer Technology,94.88222822524591,16078.819672131147,10.173246637017131,28164.114452234404,305,0.08949950112861424,4
6272,"Dr. D. Y. Patil Pratishthan's D.Y.Patil College of Engineering Akurdi, Pune",89.10120210290457,34159.66804979253,13.312303563075034,34619.67027040818,482,0.0698699545878796,4
6273,"Bansilal Ramnath Agarawal Charitable Trust's Vishwakarma Institute of Technology, Bibwewadi, Pune",89.90952383021977,30542.803296703296,15.45420546802506,39368.73058145168,910,0.06077473640056754,5
6274,"PVG's College of Engineering, Technology & Management",85.11802324659574,44979.948936170214,17.970615425613754,44792.9147590493,470,0.05271310274150724,5
6275,"Shivnagar Vidya Prasarak Mandal's College of Engineering, Malegaon-Baramati",58.762701998000004,109066.74,27.197916388725925,53526.856524746676,50,0.0354636132051168,3
6276,"MKSSS's Cummins College of Engineering for Women, Karvenagar,Pune",90.76390057426471,27534.29411764706,15.92052863525331,39794.01623120178,136,0.05909980837812218,4
6277,"Dr. J. J. Magdum Charitable Trust's Dr. J.J. Magdum College of Engineering, Jaysingpur",51.10533196666667,131472.16666666666,17.327318434418487,33050.579888304645,318,0.054563355985675015,5
6278,"All India Shri Shivaji Memorial Society's College of Engineering, Pune",84.88234393930755,46232.562118126276,16.14765275306344,39389.13757346483,491,0.05831701950118796,5
6281,"Modern Education Society's Wadia College of Engineering, Pune",79.53359716307693,61414.96923076923,17.958944451525433,41753.28038234288,65,0.05274555250461426,0
6282,"All India Shri Shivaji Memorial Society's Institute of Information Technology,Pune",87.87359942564842,37530.9711815562,14.617538941824296,36165.87906617542,347,0.06403057509413126,4
6283,"Annasaheb Dange College of Engineering and Technology, Ashta, Sangli",70.17267556958762,85931.61855670103,18.60393454657169,38952.768847910214,388,0.051010168271291165,5
6284,"Vidya Pratishthan's Kamalnayan Bajaj Institute of Engineering & Technology, Baramati Dist.Pune",77.47931410361446,67819.32289156626,17.350190684617797,39133.93398320399,415,0.05449534651638571,5
6285,"Bharati Vidyapeeth's College of Engineering for Women, Katraj, Dhankawadi, Pune",85.18148354418605,46856.51162790698,12.856106888624835,29975.196767591267,43,0.07217034395288546,4
6288,"Bharati Vidyapeeth's College of Engineering, Kolhapur",59.442558571111114,110527.33333333333,23.393643228649704,46023.72053725024,45,0.040994286528939876,3
6293,"Kai Amdar Bramhadevdada Mane Shikshan & Samajik Prathistan's Bramhadevdada Mane Institute of Technology, Solapur",30.078466654054054,166982.7837837838,18.166248419402216,28801.355566222086,37,0.05217505158639645,1
6298,"Zeal Education Society's Zeal College of Engineering & Reserch, Narhe, Pune",70.79438380106383,86995.95390070922,16.09192398819357,35077.84226135732,846,0.0585071640086137,5
6303,"Dr. Ashok Gujar Technical Institute's Dr. Daulatrao Aher College of Engineering, Karad",53.80766074230769,120685.38461538461,26.361135600169007,51789.63346545478,26,0.03654819063846981,3
6304,"Loknete Hanumantrao Charitable Trust's Adarsh Institute of Technology and Research Centre, Vita,Sangli",34.68919351531532,159678.3918918919,18.883125720229156,30973.496724513738,222,0.05029390318558399,1
6305,"Late Narayandas Bhawandas Chhabada Institute of Engineering & Technology, Satara",30.10541596111111,164667.77777777778,22.906069433593537,40012.35843432781,18,0.041830381308721944,7
6307,"Dhole Patil Education Society, Dhole Patil College of Engineering, Wagholi, Tal. Haveli",63.65911026176471,101502.08823529411,21.699340479187217,47921.60249658251,34,0.04405414337552623,0
6308,"Shanti Education Society, A.G. Patil Institute of Technology, Soregaon, Solapur(North)",37.206872455,151591.1,26.677127395657273,45821.27949338088,20,0.03613091726263856,7
6310,"Nutan Maharashtra Vidya Prasarak Mandal, Nutan Maharashtra Institute of Engineering &Technology, Talegaon station, Pune",81.97447162598752,56133.15592515592,14.269128758426877,33634.63301362234,481,0.06549162141606214,5
6311,"Jayawant Shikshan Prasarak Mandal, Bhivarabai Sawant Institute of Technology & Research, Wagholi",73.51041944032258,77540.58064516129,20.17959246995519,43056.070826706586,62,0.047215261644839183,0
6313,"Jaywant College of Engineering & Polytechnic , Kille Macchindragad Tal. Walva District- Sangali",43.565779266666674,146027.16666666666,18.57863898634514,30931.14051189621,6,0.05107607330098055,6
6315,Sanjeevan Group of Institutions,43.240641833333335,144110.94444444444,22.21671445083529,38131.05372955413,18,0.04307241673311023,7
6317,"Sharad Institute of Technology College of Engineering, Yadrav(Ichalkaranji)",54.0756861952,125129.59733333334,18.0653955853821,35433.18703481774,375,0.05245104910210855,5
6319,"Shahajirao Patil Vikas Pratishthan, S.B.Patil College of Engineering, Vangali, Tal. Indapur",56.365316336111114,118629.19444444444,21.52044168029473,41233.57870946546,36,0.04440410246815873,6
6320,"K.J.'s Educational Institute's K.J.College of Engineering & Management Research, Pisoli",59.905519770967736,112517.14516129032,18.35745405922662,36444.44940348042,62,0.05165968607960383,6
6321,"Vidya Vikas Pratishthan Institute of Engineering and Technology, Solapur",32.804456980000005,160769.1,22.434426408112127,36888.14516172389,30,0.0426722627038073,7
6322,"Shree Gajanan Maharaj Shikshan Prasarak Manda'l Sharadchandra Pawar College of Engineering, Dumbarwadi",57.75369628823529,119071.82352941176,15.326944744819324,29167.610799985177,17,0.061248446395171914,6
6324,Rajgad Technical Campus,55.973103887037034,121197.12962962964,18.274280078158483,35105.53174334322,54,0.051882612265928156,6
6325,"Alard Charitable Trust's Alard College of Engineering and Management, Pune",61.157357075,105062.03571428571,25.99929697059218,49372.767553455684,28,0.03703800143719323,3
6326,Karmayogi Institute of Technology,46.42007792142857,138743.92857142858,21.510250060572282,39536.88278530721,14,0.0444242066307182,7
6402,"NEW INSTITUTE OF TECHNOLOGY,KOLHAPUR",52.71056503846153,122405.92307692308,27.955937547148537,52167.31660478225,13,0.03453523127585541,3
6444,"Shriram Institute Of Engineering & Technology, (Poly), Paniv",30.645541880000003,164835.7,22.292339122937292,33572.96787281233,10,0.04293257086469444,7
6466,"Shree Santkrupa Shikshan Sanstha, Shree Santkrupa Institute Of Engineering & Technology, Karad",43.151726975,148544.83333333334,12.120684992283572,21830.01540345658,12,0.07621553299908593,1
6467,"Swami Vivekanand Institute Of Technology, Solapur",33.371007794117645,160746.20588235295,21.57739996509512,32285.869869011614,34,0.04429207975878577,7
6468,"Swami Vivekananda Shikshan Sanstha, Dr. Bapuji Salunkhe Institute Of Engineering & Technology,Kolhapur",49.84568518571429,132663.7142857143,20.60253687387496,36461.58645890947,28,0.04629085953369442,6
6545,"Samarth Education Trust's Arvind Gavali College Of Engineering Panwalewadi, Varye,Satara.",33.55827875,161308.175,19.450872049032107,29697.29051710329,160,0.0488976703586255,1
6609,"Jaihind College Of Engineering,Kuran",58.61345209615384,115170.07692307692,19.092303434465084,36004.25796107038,52,0.049770301511804886,6
6622,ISBM College Of Engineering Pune,62.27930213170732,97846.75609756098,30.587800407097404,62670.38210063048,41,0.03165779152432886,3
6625,"Universal College of Engineering & Research, Sasewadi",20.022608499999997,183232.5,11.771583898590897,14121.62952707654,2,0.07829882400963056,1
6628,"Dattakala Group Of Institutions, Swami - Chincholi Tal. Daund Dist. Pune",55.490647561290324,122210.51612903226,18.29811824545748,35219.963856569535,31,0.051818523820859407,6
6632,Navsahyadri Education Society's Group of Institutions,58.19006472571429,115496.84285714285,20.341266637309673,36776.376522631595,70,0.04685757490381378,6
6634,"KJEI's Trinity Academy of Engineering, Yewalewadi, Pune",67.39819438461538,93837.69230769231,19.242233926566776,42052.392451834145,52,0.049401662070882264,0
6635,Samarth College of Engineering and Management,53.8825531725,124374.275,20.37489295250464,38362.501661687136,40,0.04678386002783809,6
6640,"N. B. Navale Sinhgad College of Engineering, Kegaon, solapur",56.64619417647059,118993.50980392157,19.354821955936654,39830.40055001835,51,0.04912840810716802,6
6643,"S K N Sinhgad College of Engineering, Korti Tal. Pandharpur Dist Solapur",59.61694442727273,107987.20454545454,26.045277206073006,52204.23670750298,44,0.036975032364447366,3
6644,"Shri. Ambabai Talim Sanstha's Sanjay Bhokare Group of Institutes, Miraj",26.205121419463087,172197.0201342282,18.104151714920462,28750.755348354654,149,0.05234464293010161,1
6649,"TSSM's Bhivarabai Sawant College of Engineering and Research, Narhe, Pune",62.370900750000004,104192.55263157895,22.52705005801582,46604.62934475522,38,0.042504266260924344,0
6714,"APPASAHEB ALIAS SA.RE.PATIL INSTITUTE OF TECHNOLOGY, Dattanagar Tal-Shirol, Dist Kolhapur",14.793213866666667,189699.0,5.477244280899694,6180.22596674264,3,0.15438664293530385,1
6715,Babasaheb Phadtare Engineering & Technology Kalamb-Walchandnagar Tal Indapur Dist Pune,32.50458854,163755.8,19.544662970869904,29074.672460751808,5,0.04867444169894104,1
6732,"Ajeenkya DY Patil School of Engineering, Lohegaon, Pune",70.74267827605634,82424.35211267606,23.38088539505436,50717.750763303105,71,0.04101573768944622,0
6754,"International Institute of Information Technology (I²IT), Pune.",87.81256929252336,36812.13084112149,16.473322402823676,39897.8330425919,214,0.05723010066124578,4
6755,"JSPM Narhe Technical Campus, Pune.",67.92677027619048,87851.44444444444,26.217322817911604,53784.61310538597,63,0.03674130650873216,3
6756,"Fabtech Technical Campus College of Engineering and Research, Sangola",40.35951090305677,150614.60262008733,18.600044612834836,32357.087553595524,229,0.05102029203266011,6
6757,"Yashoda Technical Campus, Wadhe, Satara.",47.12888032307693,138001.42307692306,19.990586827807633,35489.72027820646,52,0.04764040225284379,6
6758,"Sahyadri Valley College of Engineering & Technology, Rajuri, Pune.",63.65012812962963,102291.92592592593,21.33036451498149,41816.44217283798,27,0.0447820723808202,0
6759,"Shree Ramchandra College of Engineering, Lonikand,Pune",55.50727303157895,119379.1052631579,23.653826197671435,44647.48801306959,19,0.04056165529772618,3
6762,"Nanasaheb Mahadik College of Engineering,Walwa, Sangli.",43.6973908375,145725.875,16.44898666405347,31011.9054255781,8,0.0573099182922807,6
6766,Phaltan Education Society's College of Engineering Thakurki Tal- Phaltan Dist-Satara,34.42814583076923,159407.23076923078,20.890071005918056,33702.04394927663,13,0.045682812071721764,7
6767,"Suman Ramesh Tulsiani Technical Campus: Faculty of Engineering, Kamshet,Pune.",49.836629112903225,132823.0,20.738947394946635,34892.18552818572,31,0.04600038731555405,6
6768,"P.K. Technical Campus, Pune.",53.606314895000004,125594.15,18.935810877492592,39573.89584625199,20,0.05016098949498933,6
6769,"Rasiklal M. Dhariwal Sinhgad Technical Institutes Campus, Warje, Pune.",64.15983783653846,102100.46153846153,18.81531087875087,40978.106088572895,52,0.050466026302537555,0
6770,"SKN Sinhgad Institute of Technology & Science, Kusgaon(BK),Pune.",59.59178373589743,108165.02564102564,26.012283292392254,51511.060356764865,39,0.03702019518955808,3
6771,"Flora Institute of Technology, Khopi, Near Khed Shivapur Toll Plaza, Pune",23.4701479,179020.0,0.0,0.0,1,1.0,2
6772,"NBN Sinhgad Technical Institutes Campus, Pune",72.5740169890625,80422.3125,19.281487404151378,43128.204495204285,64,0.049306048421049825,0
6780,"D.Y.Patil Education Society's,D.Y.Patil Technical Campus, Faculty of Engineering & Faculty of Management,Talsande,Kolhapur.",59.34648756026201,114611.49781659388,16.91848484523914,32465.204793264977,229,0.055808290077924504,6
6781,"Bhagwant Institute of Technology, Barshi",36.703147308333335,153230.25,26.144097988886212,42256.375175017296,12,0.03684042108930776,7
6782,"Sahakar Maharshee Shankarrao Mohite Patil Institute of Technology & Research, Akluj",42.077696969230765,145458.61538461538,23.821689130906897,39986.53065416416,13,0.04028734687337789,7
6794,"Anantrao Pawar College of Engineering & Research, Pune",62.31593068979592,105046.63265306123,21.500546802237995,43619.76500953719,49,0.044443364367506656,0
6795,"Shri.Someshwar Shikshan Prasarak Mandal, Sharadchandra Pawar College of Engineering & Technology, Someshwar Nagar",58.55806729545454,117966.27272727272,13.050664488872297,27184.296146299195,22,0.07117101122099741,6
6796,"Bharati Vidyapeeth's College of Engineering,Lavale, Pune",74.5692751586207,71661.63793103448,23.586760993192918,54399.804269738925,58,0.04067229515416283,0
6797,"Dnyanshree Institute Engineering and Technology, Satara",48.73620312,133447.33333333334,22.891800851059013,42151.46143825801,15,0.04185536311113503,7
6799,"Shivganga Charitable Trust, Sangli Vishveshwarya Technical Campus, Faculty of Diploma Engineering, Patgaon, Miraj",18.99634645,183697.5,18.391192527072043,21557.564438034275,2,0.05156980410585373,1
6803,"Sant Gajanan Maharaj College of Engineering, Gadhinglaj",45.8916743,138213.57142857142,23.82831759816723,42654.09432340891,28,0.040276591277123734,7
6808,"Keystone School of Engineering, Pune",57.29847833191489,114412.29787234042,24.65116580715624,47433.35192388822,47,0.03898458290425993,3
6811,Sanjay Ghodawat Institute,47.84530224230769,133092.15384615384,25.834215638558803,47031.47821933077,26,0.0372658554089829,7
6815,"Vidya Prasarini Sabha's College of Engineering & Technology, Lonavala",47.21762708125,135333.8125,23.613515244907116,49724.268993746904,16,0.04062808542582775,7
6822,"Pimpri Chinchwad Education Trust's Pimpri Chinchwad College Of Engineering And Research, Ravet",86.01572491399317,41973.941979522184,17.360396702640266,43276.24907996943,293,0.054465054115971134,4
6834,"Dr.D.Y.Patil College Of Engineering & Innovation,Talegaon",77.58408220789474,68127.01503759398,16.23044695574111,35825.409625115506,266,0.05803679977476175,4
6839,"Dr. D Y Patil Pratishthan's College of Engineering, Kolhapur",51.47376003783784,125990.83783783784,25.85042909468463,47857.30465753461,37,0.037243352665747985,3
6878,"Dr. A. D. Shinde College Of Engineering, Tal.Gadhinglaj, Kolhapur",33.17228358888889,161093.44444444444,22.31695819156408,33193.190495608855,9,0.04288724077061618,7
6901,"MAEER's MIT College of Railway Engineering and Research, Jamgaon, Barshi",41.30991863571428,146197.5357142857,24.00462662232915,43660.961134873105,28,0.03999259877398047,7
6938,Shree Siddheshwar Women's College Of Engineering Solapur.,52.24010959534884,129978.41860465116,16.10766089128559,29988.88141281743,43,0.05845334475324949,6
6991,"Dr. D.Y. Patil Technical Campus, Varale, Talegaon, Pune",63.95504623152174,100195.65217391304,22.635625817971576,47073.2019531224,92,0.04230901300018214,0
14005,"Laxminarayan Innovation Technological University, Nagpur",83.01243619465649,44755.251908396946,20.864511562909264,39814.79159700546,131,0.045736214921736,0
16006,COEP Technological University,94.55357369553191,16854.03404255319,11.101400632070158,30183.714414886625,470,0.08263506270091418,4
16121,"Shri. Anandrao Abitkar College of Engineering, Pal",24.7535806875,176152.875,12.40779561439614,17322.665883652742,16,0.07458347581956619,1
16351,"Vidya Niketan Institute of Engineering & Technology, Lakhewadi",46.15682345909091,139499.04545454544,20.766182590126366,36817.939428487036,22,0.04594282878310608,7
16352,"Yashoda Mahadeo Kakade College of Engineering, Talegaon",49.075550740000004,133039.73333333334,21.938377733844494,40049.869753056395,30,0.043595062022391724,7
16354,DNYANVILAS COLLEGE OF ENGINEERING,48.38849684444445,133618.55555555556,23.43145329986471,43742.30773817767,18,0.04093084384814462,7
16355,Audyogik Shikshan Mandal's Nextgen Technical Campus,50.57291603,131724.975,19.79658446259491,33644.48393352475,40,0.048084819014325014,6
16357,MES MUKUNDDAS LOHIA COLLEGE OF ENGINEERING,53.24784031363636,119913.18181818182,29.229690555926215,55939.10212572271,22,0.03308006074855306,3
16361,"Zeal College of Engineering & Research, Induri, Pune (Off Campus-Induri)",61.57106241069768,111610.31162790698,12.110497193468532,24223.63368504212,215,0.07627475794725666,6
